STRUCTURE,STRUCTURE_ID,STRUCTURE_NAME,ACTION,MEASURE,Traffic Measure,UNIT_MEASURE,Unit of measure,REF_AREA,Reference area,FREQ,Frequency,TRA_TYPE,Accident Type,INJ_DEG,Degree of Injury,TRA_VIO,Traffic Violation,CIVIL_RESC,Civil Defense Rescue Team,SEC_AGE,Age Group,SEC_GENDER,Gender,SEC_MAR,Marital Status,SOURCE_DETAIL,Source,TIME_PERIOD,Time period,OBS_VALUE,Observation value,DECIMALS,Decimals,OBS_STATUS,Observation status,UNIT_MULT,Unit multiplier
DATAFLOW,FCSA:DF_TRA_TYPE(3.0.0),Number of Accidents by Emirate and Type of Accidents,I,TYP,Accident Type,NUMBER,Number,AE-AZ,Abu Dhabi,A,Annual,OTH,Other,_Z,Not Applicable,_Z,Not Applicable,_Z,Not Applicable,_Z,Not Applicable,_Z,Not Applicable,_Z,Not Applicable,MOI,Ministry of Interior,2016,,17,,,,,,,
DATAFLOW,FCSA:DF_TRA_TYPE(3.0.0),Number of Accidents by Emirate and Type of Accidents,I,TYP,Accident Type,NUMBER,Number,AE-AZ,Abu Dhabi,A,Annual,OTH,Other,_Z,Not Applicable,_Z,Not Applicable,_Z,Not Applicable,_Z,Not Applicable,_Z,Not Applicable,_Z,Not Applicable,MOI,Ministry of Interior,2017,,16,,,,,,,
DATAFLOW,FCSA:DF_TRA_TYPE(3.0.0),Number of Accidents by Emirate and Type of Accidents,I,TYP,Accident Type,NUMBER,Number,AE-AZ,Abu Dhabi,A,Annual,OTH,Other,_Z,Not Applicable,_Z,Not Applicable,_Z,Not Applicable,_Z,Not Applicable,_Z,Not Applicable,_Z,Not Applicable,MOI,Ministry of Interior,2018,,8,,,,,,,
DATAFLOW,FCSA:DF_TRA_TYPE(3.0.0),Number of Accidents by Emirate and Type of Accidents,I,TYP,Accident Type,NUMBER,Number,AE-AZ,Abu Dhabi,A,Annual,OTH,Other,_Z,Not Applicable,_Z,Not Applicable,_Z,Not Applicable,_Z,Not Applicable,_Z,Not Applicable,_Z,Not Applicable,MOI,Ministry of Interior,2019,,8,,,,,,,
DATAFLOW,FCSA:DF_TRA_TYPE(3.0.0),Number of Accidents by Emirate and Type of Accidents,I,TYP,Accident Type,NUMBER,Number,AE-AZ,Abu Dhabi,A,Annual,OTH,Other,_Z,Not Applicable,_Z,Not Applicable,_Z,Not Applicable,_Z,Not Applicable,_Z,Not Applicable,_Z,Not Applicable,MOI,Ministry of Interior,2020,,3,,,,,,,
DATAFLOW,FCSA:DF_TRA_TYPE(3.0.0),Number of Accidents by Emirate and Type of Accidents,I,TYP,Accident Type,NUMBER,Number,AE-AZ,Abu Dhabi,A,Annual,OTH,Other,_Z,Not Applicable,_Z,Not Applicable,_Z,Not Applicable,_Z,Not Applicable,_Z,Not Applicable,_Z,Not Applicable,MOI,Ministry of Interior,2021,,4,,,,,,,
DATAFLOW,FCSA:DF_TRA_TYPE(3.0.0),Number of Accidents by Emirate and Type of Accidents,I,TYP,Accident Type,NUMBER,Number,AE-AZ,Abu Dhabi,A,Annual,OTH,Other,_Z,Not Applicable,_Z,Not Applicable,_Z,Not Applicable,_Z,Not Applicable,_Z,Not Applicable,_Z,Not Applicable,MOI,Ministry of Interior,2022,,5,,,,,,,
DATAFLOW,FCSA:DF_TRA_TYPE(3.0.0),Number of Accidents by Emirate and Type of Accidents,I,TYP,Accident Type,NUMBER,Number,AE-AZ,Abu Dhabi,A,Annual,_T,Total,_Z,Not Applicable,_Z,Not Applicable,_Z,Not Applicable,_Z,Not Applicable,_Z,Not Applicable,_Z,Not Applicable,MOI,Ministry of Interior,2015,,1803,,,,,,,
DATAFLOW,FCSA:DF_TRA_TYPE(3.0.0),Number of Accidents by Emirate and Type of Accidents,I,TYP,Accident Type,NUMBER,Number,AE-AZ,Abu Dhabi,A,Annual,_T,Total,_Z,Not Applicable,_Z,Not Applicable,_Z,Not Applicable,_Z,Not Applicable,_Z,Not Applicable,_Z,Not Applicable,MOI,Ministry of Interior,2016,,1740,,,,,,,
DATAFLOW,FCSA:DF_TRA_TYPE(3.0.0),Number of Accidents by Emirate and Type of Accidents,I,TYP,Accident Type,NUMBER,Number,AE-AZ,Abu Dhabi,A,Annual,_T,Total,_Z,Not Applicable,_Z,Not Applicable,_Z,Not Applicable,_Z,Not Applicable,_Z,Not Applicable,_Z,Not Applicable,MOI,Ministry of Interior,2017,,1536,,,,,,,
DATAFLOW,FCSA:DF_TRA_TYPE(3.0.0),Number of Accidents by Emirate and Type of Accidents,I,TYP,Accident Type,NUMBER,Number,AE-AZ,Abu Dhabi,A,Annual,_T,Total,_Z,Not Applicable,_Z,Not Applicable,_Z,Not Applicable,_Z,Not Applicable,_Z,Not Applicable,_Z,Not Applicable,MOI,Ministry of Interior,2018,,1469,,,,,,,
DATAFLOW,FCSA:DF_TRA_TYPE(3.0.0),Number of Accidents by Emirate and Type of Accidents,I,TYP,Accident Type,NUMBER,Number,AE-AZ,Abu Dhabi,A,Annual,_T,Total,_Z,Not Applicable,_Z,Not Applicable,_Z,Not Applicable,_Z,Not Applicable,_Z,Not Applicable,_Z,Not Applicable,MOI,Ministry of Interior,2019,,1798,,,,,,,
DATAFLOW,FCSA:DF_TRA_TYPE(3.0.0),Number of Accidents by Emirate and Type of Accidents,I,TYP,Accident Type,NUMBER,Number,AE-AZ,Abu Dhabi,A,Annual,_T,Total,_Z,Not Applicable,_Z,Not Applicable,_Z,Not Applicable,_Z,Not Applicable,_Z,Not Applicable,_Z,Not Applicable,MOI,Ministry of Interior,2020,,1148,,,,,,,
DATAFLOW,FCSA:DF_TRA_TYPE(3.0.0),Number of Accidents by Emirate and Type of Accidents,I,TYP,Accident Type,NUMBER,Number,AE-AZ,Abu Dhabi,A,Annual,_T,Total,_Z,Not Applicable,_Z,Not Applicable,_Z,Not Applicable,_Z,Not Applicable,_Z,Not Applicable,_Z,Not Applicable,MOI,Ministry of Interior,2021,,1255,,,,,,,
DATAFLOW,FCSA:DF_TRA_TYPE(3.0.0),Number of Accidents by Emirate and Type of Accidents,I,TYP,Accident Type,NUMBER,Number,AE-AZ,Abu Dhabi,A,Annual,_T,Total,_Z,Not Applicable,_Z,Not Applicable,_Z,Not Applicable,_Z,Not Applicable,_Z,Not Applicable,_Z,Not Applicable,MOI,Ministry of Interior,2022,,1274,,,,,,,
DATAFLOW,FCSA:DF_TRA_TYPE(3.0.0),Number of Accidents by Emirate and Type of Accidents,I,TYP,Accident Type,NUMBER,Number,AE-DU,Dubai,A,Annual,SC,Collision,_Z,Not Applicable,_Z,Not Applicable,_Z,Not Applicable,_Z,Not Applicable,_Z,Not Applicable,_Z,Not Applicable,MOI,Ministry of Interior,2015,,1058,,,,,,,
DATAFLOW,FCSA:DF_TRA_TYPE(3.0.0),Number of Accidents by Emirate and Type of Accidents,I,TYP,Accident Type,NUMBER,Number,AE-DU,Dubai,A,Annual,SC,Collision,_Z,Not Applicable,_Z,Not Applicable,_Z,Not Applicable,_Z,Not Applicable,_Z,Not Applicable,_Z,Not Applicable,MOI,Ministry of Interior,2016,,990,,,,,,,
DATAFLOW,FCSA:DF_TRA_TYPE(3.0.0),Number of Accidents by Emirate and Type of Accidents,I,TYP,Accident Type,NUMBER,Number,AE-DU,Dubai,A,Annual,SC,Collision,_Z,Not Applicable,_Z,Not Applicable,_Z,Not Applicable,_Z,Not Applicable,_Z,Not Applicable,_Z,Not Applicable,MOI,Ministry of Interior,2017,,919,,,,,,,
DATAFLOW,FCSA:DF_TRA_TYPE(3.0.0),Number of Accidents by Emirate and Type of Accidents,I,TYP,Accident Type,NUMBER,Number,AE-DU,Dubai,A,Annual,SC,Collision,_Z,Not Applicable,_Z,Not Applicable,_Z,Not Applicable,_Z,Not Applicable,_Z,Not Applicable,_Z,Not Applicable,MOI,Ministry of Interior,2018,,825,,,,,,,
DATAFLOW,FCSA:DF_TRA_TYPE(3.0.0),Number of Accidents by Emirate and Type of Accidents,I,TYP,Accident Type,NUMBER,Number,AE-DU,Dubai,A,Annual,SC,Collision,_Z,Not Applicable,_Z,Not Applicable,_Z,Not Applicable,_Z,Not Applicable,_Z,Not Applicable,_Z,Not Applicable,MOI,Ministry of Interior,2019,,925,,,,,,,
DATAFLOW,FCSA:DF_TRA_TYPE(3.0.0),Number of Accidents by Emirate and Type of Accidents,I,TYP,Accident Type,NUMBER,Number,AE-DU,Dubai,A,Annual,SC,Collision,_Z,Not Applicable,_Z,Not Applicable,_Z,Not Applicable,_Z,Not Applicable,_Z,Not Applicable,_Z,Not Applicable,MOI,Ministry of Interior,2020,,757,,,,,,,
DATAFLOW,FCSA:DF_TRA_TYPE(3.0.0),Number of Accidents by Emirate and Type of Accidents,I,TYP,Accident Type,NUMBER,Number,AE-DU,Dubai,A,Annual,SC,Collision,_Z,Not Applicable,_Z,Not Applicable,_Z,Not Applicable,_Z,Not Applicable,_Z,Not Applicable,_Z,Not Applicable,MOI,Ministry of Interior,2021,,1001,,,,,,,
DATAFLOW,FCSA:DF_TRA_TYPE(3.0.0),Number of Accidents by Emirate and Type of Accidents,I,TYP,Accident Type,NUMBER,Number,AE-DU,Dubai,A,Annual,SC,Collision,_Z,Not Applicable,_Z,Not Applicable,_Z,Not Applicable,_Z,Not Applicable,_Z,Not Applicable,_Z,Not Applicable,MOI,Ministry of Interior,2022,,1287,,,,,,,
DATAFLOW,FCSA:DF_TRA_TYPE(3.0.0),Number of Accidents by Emirate and Type of Accidents,I,TYP,Accident Type,NUMBER,Number,AE-DU,Dubai,A,Annual,DT,Rollover,_Z,Not Applicable,_Z,Not Applicable,_Z,Not Applicable,_Z,Not Applicable,_Z,Not Applicable,_Z,Not Applicable,MOI,Ministry of Interior,2015,,111,,,,,,,
DATAFLOW,FCSA:DF_TRA_TYPE(3.0.0),Number of Accidents by Emirate and Type of Accidents,I,TYP,Accident Type,NUMBER,Number,AE-DU,Dubai,A,Annual,DT,Rollover,_Z,Not Applicable,_Z,Not Applicable,_Z,Not Applicable,_Z,Not Applicable,_Z,Not Applicable,_Z,Not Applicable,MOI,Ministry of Interior,2016,,87,,,,,,,
DATAFLOW,FCSA:DF_TRA_TYPE(3.0.0),Number of Accidents by Emirate and Type of Accidents,I,TYP,Accident Type,NUMBER,Number,AE-DU,Dubai,A,Annual,DT,Rollover,_Z,Not Applicable,_Z,Not Applicable,_Z,Not Applicable,_Z,Not Applicable,_Z,Not Applicable,_Z,Not Applicable,MOI,Ministry of Interior,2017,,65,,,,,,,
DATAFLOW,FCSA:DF_TRA_TYPE(3.0.0),Number of Accidents by Emirate and Type of Accidents,I,TYP,Accident Type,NUMBER,Number,AE-DU,Dubai,A,Annual,DT,Rollover,_Z,Not Applicable,_Z,Not Applicable,_Z,Not Applicable,_Z,Not Applicable,_Z,Not Applicable,_Z,Not Applicable,MOI,Ministry of Interior,2018,,78,,,,,,,
DATAFLOW,FCSA:DF_TRA_TYPE(3.0.0),Number of Accidents by Emirate and Type of Accidents,I,TYP,Accident Type,NUMBER,Number,AE-DU,Dubai,A,Annual,DT,Rollover,_Z,Not Applicable,_Z,Not Applicable,_Z,Not Applicable,_Z,Not Applicable,_Z,Not Applicable,_Z,Not Applicable,MOI,Ministry of Interior,2019,,100,,,,,,,
DATAFLOW,FCSA:DF_TRA_TYPE(3.0.0),Number of Accidents by Emirate and Type of Accidents,I,TYP,Accident Type,NUMBER,Number,AE-DU,Dubai,A,Annual,DT,Rollover,_Z,Not Applicable,_Z,Not Applicable,_Z,Not Applicable,_Z,Not Applicable,_Z,Not Applicable,_Z,Not Applicable,MOI,Ministry of Interior,2020,,81,,,,,,,
DATAFLOW,FCSA:DF_TRA_TYPE(3.0.0),Number of Accidents by Emirate and Type of Accidents,I,TYP,Accident Type,NUMBER,Number,AE-DU,Dubai,A,Annual,DT,Rollover,_Z,Not Applicable,_Z,Not Applicable,_Z,Not Applicable,_Z,Not Applicable,_Z,Not Applicable,_Z,Not Applicable,MOI,Ministry of Interior,2021,,119,,,,,,,
DATAFLOW,FCSA:DF_TRA_TYPE(3.0.0),Number of Accidents by Emirate and Type of Accidents,I,TYP,Accident Type,NUMBER,Number,AE-DU,Dubai,A,Annual,DT,Rollover,_Z,Not Applicable,_Z,Not Applicable,_Z,Not Applicable,_Z,Not Applicable,_Z,Not Applicable,_Z,Not Applicable,MOI,Ministry of Interior,2022,,173,,,,,,,
DATAFLOW,FCSA:DF_TRA_TYPE(3.0.0),Number of Accidents by Emirate and Type of Accidents,I,TYP,Accident Type,NUMBER,Number,AE-DU,Dubai,A,Annual,RO,Run Over,_Z,Not Applicable,_Z,Not Applicable,_Z,Not Applicable,_Z,Not Applicable,_Z,Not Applicable,_Z,Not Applicable,MOI,Ministry of Interior,2015,,334,,,,,,,
DATAFLOW,FCSA:DF_TRA_TYPE(3.0.0),Number of Accidents by Emirate and Type of Accidents,I,TYP,Accident Type,NUMBER,Number,AE-DU,Dubai,A,Annual,RO,Run Over,_Z,Not Applicable,_Z,Not Applicable,_Z,Not Applicable,_Z,Not Applicable,_Z,Not Applicable,_Z,Not Applicable,MOI,Ministry of Interior,2016,,357,,,,,,,
DATAFLOW,FCSA:DF_TRA_TYPE(3.0.0),Number of Accidents by Emirate and Type of Accidents,I,TYP,Accident Type,NUMBER,Number,AE-DU,Dubai,A,Annual,RO,Run Over,_Z,Not Applicable,_Z,Not Applicable,_Z,Not Applicable,_Z,Not Applicable,_Z,Not Applicable,_Z,Not Applicable,MOI,Ministry of Interior,2017,,354,,,,,,,
DATAFLOW,FCSA:DF_TRA_TYPE(3.0.0),Number of Accidents by Emirate and Type of Accidents,I,TYP,Accident Type,NUMBER,Number,AE-DU,Dubai,A,Annual,RO,Run Over,_Z,Not Applicable,_Z,Not Applicable,_Z,Not Applicable,_Z,Not Applicable,_Z,Not Applicable,_Z,Not Applicable,MOI,Ministry of Interior,2018,,304,,,,,,,
DATAFLOW,FCSA:DF_TRA_TYPE(3.0.0),Number of Accidents by Emirate and Type of Accidents,I,TYP,Accident Type,NUMBER,Number,AE-DU,Dubai,A,Annual,RO,Run Over,_Z,Not Applicable,_Z,Not Applicable,_Z,Not Applicable,_Z,Not Applicable,_Z,Not Applicable,_Z,Not Applicable,MOI,Ministry of Interior,2019,,332,,,,,,,
DATAFLOW,FCSA:DF_TRA_TYPE(3.0.0),Number of Accidents by Emirate and Type of Accidents,I,TYP,Accident Type,NUMBER,Number,AE-DU,Dubai,A,Annual,RO,Run Over,_Z,Not Applicable,_Z,Not Applicable,_Z,Not Applicable,_Z,Not Applicable,_Z,Not Applicable,_Z,Not Applicable,MOI,Ministry of Interior,2020,,229,,,,,,,
DATAFLOW,FCSA:DF_TRA_TYPE(3.0.0),Number of Accidents by Emirate and Type of Accidents,I,TYP,Accident Type,NUMBER,Number,AE-DU,Dubai,A,Annual,RO,Run Over,_Z,Not Applicable,_Z,Not Applicable,_Z,Not Applicable,_Z,Not Applicable,_Z,Not Applicable,_Z,Not Applicable,MOI,Ministry of Interior,2021,,282,,,,,,,
DATAFLOW,FCSA:DF_TRA_TYPE(3.0.0),Number of Accidents by Emirate and Type of Accidents,I,TYP,Accident Type,NUMBER,Number,AE-DU,Dubai,A,Annual,RO,Run Over,_Z,Not Applicable,_Z,Not Applicable,_Z,Not Applicable,_Z,Not Applicable,_Z,Not Applicable,_Z,Not Applicable,MOI,Ministry of Interior,2022,,364,,,,,,,
DATAFLOW,FCSA:DF_TRA_TYPE(3.0.0),Number of Accidents by Emirate and Type of Accidents,I,TYP,Accident Type,NUMBER,Number,AE-DU,Dubai,A,Annual,OTH,Other,_Z,Not Applicable,_Z,Not Applicable,_Z,Not Applicable,_Z,Not Applicable,_Z,Not Applicable,_Z,Not Applicable,MOI,Ministry of Interior,2015,,9,,,,,,,
DATAFLOW,FCSA:DF_TRA_TYPE(3.0.0),Number of Accidents by Emirate and Type of Accidents,I,TYP,Accident Type,NUMBER,Number,AE-DU,Dubai,A,Annual,OTH,Other,_Z,Not Applicable,_Z,Not Applicable,_Z,Not Applicable,_Z,Not Applicable,_Z,Not Applicable,_Z,Not Applicable,MOI,Ministry of Interior,2016,,13,,,,,,,
DATAFLOW,FCSA:DF_TRA_TYPE(3.0.0),Number of Accidents by Emirate and Type of Accidents,I,TYP,Accident Type,NUMBER,Number,AE-DU,Dubai,A,Annual,OTH,Other,_Z,Not Applicable,_Z,Not Applicable,_Z,Not Applicable,_Z,Not Applicable,_Z,Not Applicable,_Z,Not Applicable,MOI,Ministry of Interior,2017,,12,,,,,,,
DATAFLOW,FCSA:DF_TRA_TYPE(3.0.0),Number of Accidents by Emirate and Type of Accidents,I,TYP,Accident Type,NUMBER,Number,AE-DU,Dubai,A,Annual,OTH,Other,_Z,Not Applicable,_Z,Not Applicable,_Z,Not Applicable,_Z,Not Applicable,_Z,Not Applicable,_Z,Not Applicable,MOI,Ministry of Interior,2018,,7,,,,,,,
DATAFLOW,FCSA:DF_TRA_TYPE(3.0.0),Number of Accidents by Emirate and Type of Accidents,I,TYP,Accident Type,NUMBER,Number,AE-DU,Dubai,A,Annual,OTH,Other,_Z,Not Applicable,_Z,Not Applicable,_Z,Not Applicable,_Z,Not Applicable,_Z,Not Applicable,_Z,Not Applicable,MOI,Ministry of Interior,2019,,3,,,,,,,
DATAFLOW,FCSA:DF_TRA_TYPE(3.0.0),Number of Accidents by Emirate and Type of Accidents,I,TYP,Accident Type,NUMBER,Number,AE-DU,Dubai,A,Annual,OTH,Other,_Z,Not Applicable,_Z,Not Applicable,_Z,Not Applicable,_Z,Not Applicable,_Z,Not Applicable,_Z,Not Applicable,MOI,Ministry of Interior,2020,,5,,,,,,,
DATAFLOW,FCSA:DF_TRA_TYPE(3.0.0),Number of Accidents by Emirate and Type of Accidents,I,TYP,Accident Type,NUMBER,Number,AE-DU,Dubai,A,Annual,OTH,Other,_Z,Not Applicable,_Z,Not Applicable,_Z,Not Applicable,_Z,Not Applicable,_Z,Not Applicable,_Z,Not Applicable,MOI,Ministry of Interior,2021,,7,,,,,,,
DATAFLOW,FCSA:DF_TRA_TYPE(3.0.0),Number of Accidents by Emirate and Type of Accidents,I,TYP,Accident Type,NUMBER,Number,AE-DU,Dubai,A,Annual,OTH,Other,_Z,Not Applicable,_Z,Not Applicable,_Z,Not Applicable,_Z,Not Applicable,_Z,Not Applicable,_Z,Not Applicable,MOI,Ministry of Interior,2022,,11,,,,,,,
DATAFLOW,FCSA:DF_TRA_TYPE(3.0.0),Number of Accidents by Emirate and Type of Accidents,I,TYP,Accident Type,NUMBER,Number,AE-DU,Dubai,A,Annual,_T,Total,_Z,Not Applicable,_Z,Not Applicable,_Z,Not Applicable,_Z,Not Applicable,_Z,Not Applicable,_Z,Not Applicable,MOI,Ministry of Interior,2015,,1512,,,,,,,
DATAFLOW,FCSA:DF_TRA_TYPE(3.0.0),Number of Accidents by Emirate and Type of Accidents,I,TYP,Accident Type,NUMBER,Number,AE-DU,Dubai,A,Annual,_T,Total,_Z,Not Applicable,_Z,Not Applicable,_Z,Not Applicable,_Z,Not Applicable,_Z,Not Applicable,_Z,Not Applicable,MOI,Ministry of Interior,2016,,1447,,,,,,,
DATAFLOW,FCSA:DF_TRA_TYPE(3.0.0),Number of Accidents by Emirate and Type of Accidents,I,TYP,Accident Type,NUMBER,Number,AE-DU,Dubai,A,Annual,_T,Total,_Z,Not Applicable,_Z,Not Applicable,_Z,Not Applicable,_Z,Not Applicable,_Z,Not Applicable,_Z,Not Applicable,MOI,Ministry of Interior,2017,,1350,,,,,,,
DATAFLOW,FCSA:DF_TRA_TYPE(3.0.0),Number of Accidents by Emirate and Type of Accidents,I,TYP,Accident Type,NUMBER,Number,AE-DU,Dubai,A,Annual,_T,Total,_Z,Not Applicable,_Z,Not Applicable,_Z,Not Applicable,_Z,Not Applicable,_Z,Not Applicable,_Z,Not Applicable,MOI,Ministry of Interior,2018,,1214,,,,,,,
DATAFLOW,FCSA:DF_TRA_TYPE(3.0.0),Number of Accidents by Emirate and Type of Accidents,I,TYP,Accident Type,NUMBER,Number,AE-DU,Dubai,A,Annual,_T,Total,_Z,Not Applicable,_Z,Not Applicable,_Z,Not Applicable,_Z,Not Applicable,_Z,Not Applicable,_Z,Not Applicable,MOI,Ministry of Interior,2019,,1360,,,,,,,
DATAFLOW,FCSA:DF_TRA_TYPE(3.0.0),Number of Accidents by Emirate and Type of Accidents,I,TYP,Accident Type,NUMBER,Number,AE-DU,Dubai,A,Annual,_T,Total,_Z,Not Applicable,_Z,Not Applicable,_Z,Not Applicable,_Z,Not Applicable,_Z,Not Applicable,_Z,Not Applicable,MOI,Ministry of Interior,2020,,1072,,,,,,,
DATAFLOW,FCSA:DF_TRA_TYPE(3.0.0),Number of Accidents by Emirate and Type of Accidents,I,TYP,Accident Type,NUMBER,Number,AE-DU,Dubai,A,Annual,_T,Total,_Z,Not Applicable,_Z,Not Applicable,_Z,Not Applicable,_Z,Not Applicable,_Z,Not Applicable,_Z,Not Applicable,MOI,Ministry of Interior,2021,,1409,,,,,,,
DATAFLOW,FCSA:DF_TRA_TYPE(3.0.0),Number of Accidents by Emirate and Type of Accidents,I,TYP,Accident Type,NUMBER,Number,AE-DU,Dubai,A,Annual,_T,Total,_Z,Not Applicable,_Z,Not Applicable,_Z,Not Applicable,_Z,Not Applicable,_Z,Not Applicable,_Z,Not Applicable,MOI,Ministry of Interior,2022,,1835,,,,,,,
DATAFLOW,FCSA:DF_TRA_TYPE(3.0.0),Number of Accidents by Emirate and Type of Accidents,I,TYP,Accident Type,NUMBER,Number,AE-SH,Sharjah,A,Annual,SC,Collision,_Z,Not Applicable,_Z,Not Applicable,_Z,Not Applicable,_Z,Not Applicable,_Z,Not Applicable,_Z,Not Applicable,MOI,Ministry of Interior,2015,,407,,,,,,,
DATAFLOW,FCSA:DF_TRA_TYPE(3.0.0),Number of Accidents by Emirate and Type of Accidents,I,TYP,Accident Type,NUMBER,Number,AE-SH,Sharjah,A,Annual,SC,Collision,_Z,Not Applicable,_Z,Not Applicable,_Z,Not Applicable,_Z,Not Applicable,_Z,Not Applicable,_Z,Not Applicable,MOI,Ministry of Interior,2016,,366,,,,,,,
DATAFLOW,FCSA:DF_TRA_TYPE(3.0.0),Number of Accidents by Emirate and Type of Accidents,I,TYP,Accident Type,NUMBER,Number,AE-SH,Sharjah,A,Annual,SC,Collision,_Z,Not Applicable,_Z,Not Applicable,_Z,Not Applicable,_Z,Not Applicable,_Z,Not Applicable,_Z,Not Applicable,MOI,Ministry of Interior,2017,,311,,,,,,,
DATAFLOW,FCSA:DF_TRA_TYPE(3.0.0),Number of Accidents by Emirate and Type of Accidents,I,TYP,Accident Type,NUMBER,Number,AE-SH,Sharjah,A,Annual,SC,Collision,_Z,Not Applicable,_Z,Not Applicable,_Z,Not Applicable,_Z,Not Applicable,_Z,Not Applicable,_Z,Not Applicable,MOI,Ministry of Interior,2018,,249,,,,,,,
DATAFLOW,FCSA:DF_TRA_TYPE(3.0.0),Number of Accidents by Emirate and Type of Accidents,I,TYP,Accident Type,NUMBER,Number,AE-SH,Sharjah,A,Annual,SC,Collision,_Z,Not Applicable,_Z,Not Applicable,_Z,Not Applicable,_Z,Not Applicable,_Z,Not Applicable,_Z,Not Applicable,MOI,Ministry of Interior,2019,,293,,,,,,,
DATAFLOW,FCSA:DF_TRA_TYPE(3.0.0),Number of Accidents by Emirate and Type of Accidents,I,TYP,Accident Type,NUMBER,Number,AE-SH,Sharjah,A,Annual,SC,Collision,_Z,Not Applicable,_Z,Not Applicable,_Z,Not Applicable,_Z,Not Applicable,_Z,Not Applicable,_Z,Not Applicable,MOI,Ministry of Interior,2020,,179,,,,,,,
DATAFLOW,FCSA:DF_TRA_TYPE(3.0.0),Number of Accidents by Emirate and Type of Accidents,I,TYP,Accident Type,NUMBER,Number,AE-SH,Sharjah,A,Annual,SC,Collision,_Z,Not Applicable,_Z,Not Applicable,_Z,Not Applicable,_Z,Not Applicable,_Z,Not Applicable,_Z,Not Applicable,MOI,Ministry of Interior,2021,,186,,,,,,,
DATAFLOW,FCSA:DF_TRA_TYPE(3.0.0),Number of Accidents by Emirate and Type of Accidents,I,TYP,Accident Type,NUMBER,Number,AE-SH,Sharjah,A,Annual,SC,Collision,_Z,Not Applicable,_Z,Not Applicable,_Z,Not Applicable,_Z,Not Applicable,_Z,Not Applicable,_Z,Not Applicable,MOI,Ministry of Interior,2022,,156,,,,,,,
DATAFLOW,FCSA:DF_TRA_TYPE(3.0.0),Number of Accidents by Emirate and Type of Accidents,I,TYP,Accident Type,NUMBER,Number,AE-SH,Sharjah,A,Annual,DT,Rollover,_Z,Not Applicable,_Z,Not Applicable,_Z,Not Applicable,_Z,Not Applicable,_Z,Not Applicable,_Z,Not Applicable,MOI,Ministry of Interior,2015,,43,,,,,,,